Education,Religious
Less than HS,Fundamentalist
Less than HS,Fundamentalist
Less than HS,Fundamentalist
Less than HS,Fundamentalist
Less than HS,Fundamentalist
Less than HS,Fundamentalist
Less than HS,Fundamentalist
Less than HS,Fundamentalist
Less than HS,Fundamentalist
Less than HS,Fundamentalist
Less than HS,Fundamentalist
Less than HS,Fundamentalist
Less than HS,Fundamentalist
Less than HS,Fundamentalist
Less than HS,Fundamentalist
Less than HS,Fundamentalist
Less than HS,Fundamentalist
Less than HS,Fundamentalist
Less than HS,Fundamentalist
Less than HS,Fundamentalist
Less than HS,Fundamentalist
Less than HS,Fundamentalist
Less than HS,Fundamentalist
Less than HS,Fundamentalist
Less than HS,Fundamentalist
Less than HS,Fundamentalist
Less than HS,Fundamentalist
Less than HS,Fundamentalist
Less than HS,Fundamentalist
Less than HS,Fundamentalist
Less than HS,Fundamentalist
Less than HS,Fundamentalist
Less than HS,Fundamentalist
Less than HS,Fundamentalist
Less than HS,Fundamentalist
Less than HS,Fundamentalist
Less than HS,Fundamentalist
Less than HS,Fundamentalist
Less than HS,Fundamentalist
Less than HS,Fundamentalist
Less than HS,Fundamentalist
Less than HS,Fundamentalist
Less than HS,Fundamentalist
Less than HS,Fundamentalist
Less than HS,Fundamentalist
Less than HS,Fundamentalist
Less than HS,Fundamentalist
Less than HS,Fundamentalist
Less than HS,Fundamentalist
Less than HS,Fundamentalist
Less than HS,Fundamentalist
Less than HS,Fundamentalist
Less than HS,Fundamentalist
Less than HS,Fundamentalist
Less than HS,Fundamentalist
Less than HS,Fundamentalist
Less than HS,Fundamentalist
Less than HS,Fundamentalist
Less than HS,Fundamentalist
Less than HS,Fundamentalist
Less than HS,Fundamentalist
Less than HS,Fundamentalist
Less than HS,Fundamentalist
Less than HS,Fundamentalist
Less than HS,Fundamentalist
Less than HS,Fundamentalist
Less than HS,Fundamentalist
Less than HS,Fundamentalist
Less than HS,Fundamentalist
Less than HS,Fundamentalist
Less than HS,Fundamentalist
Less than HS,Fundamentalist
Less than HS,Fundamentalist
Less than HS,Fundamentalist
Less than HS,Fundamentalist
Less than HS,Fundamentalist
Less than HS,Fundamentalist
Less than HS,Fundamentalist
Less than HS,Fundamentalist
Less than HS,Fundamentalist
Less than HS,Fundamentalist
Less than HS,Fundamentalist
Less than HS,Fundamentalist
Less than HS,Fundamentalist
Less than HS,Fundamentalist
Less than HS,Fundamentalist
Less than HS,Fundamentalist
Less than HS,Fundamentalist
Less than HS,Fundamentalist
Less than HS,Fundamentalist
Less than HS,Fundamentalist
Less than HS,Fundamentalist
Less than HS,Fundamentalist
Less than HS,Fundamentalist
Less than HS,Fundamentalist
Less than HS,Fundamentalist
Less than HS,Fundamentalist
Less than HS,Fundamentalist
Less than HS,Fundamentalist
Less than HS,Fundamentalist
Less than HS,Fundamentalist
Less than HS,Fundamentalist
Less than HS,Fundamentalist
Less than HS,Fundamentalist
Less than HS,Fundamentalist
Less than HS,Fundamentalist
Less than HS,Fundamentalist
Less than HS,Fundamentalist
Less than HS,Fundamentalist
Less than HS,Fundamentalist
Less than HS,Fundamentalist
Less than HS,Fundamentalist
Less than HS,Fundamentalist
Less than HS,Fundamentalist
Less than HS,Fundamentalist
Less than HS,Fundamentalist
Less than HS,Fundamentalist
Less than HS,Fundamentalist
Less than HS,Fundamentalist
Less than HS,Fundamentalist
Less than HS,Fundamentalist
Less than HS,Fundamentalist
Less than HS,Fundamentalist
Less than HS,Fundamentalist
Less than HS,Fundamentalist
Less than HS,Fundamentalist
Less than HS,Fundamentalist
Less than HS,Fundamentalist
Less than HS,Fundamentalist
Less than HS,Fundamentalist
Less than HS,Fundamentalist
Less than HS,Fundamentalist
Less than HS,Fundamentalist
Less than HS,Fundamentalist
Less than HS,Fundamentalist
Less than HS,Fundamentalist
Less than HS,Fundamentalist
Less than HS,Fundamentalist
Less than HS,Fundamentalist
Less than HS,Fundamentalist
Less than HS,Fundamentalist
Less than HS,Fundamentalist
Less than HS,Fundamentalist
Less than HS,Fundamentalist
Less than HS,Fundamentalist
Less than HS,Fundamentalist
Less than HS,Fundamentalist
Less than HS,Fundamentalist
Less than HS,Fundamentalist
Less than HS,Fundamentalist
Less than HS,Fundamentalist
Less than HS,Fundamentalist
Less than HS,Fundamentalist
Less than HS,Fundamentalist
Less than HS,Fundamentalist
Less than HS,Fundamentalist
Less than HS,Fundamentalist
Less than HS,Fundamentalist
Less than HS,Fundamentalist
Less than HS,Fundamentalist
Less than HS,Fundamentalist
Less than HS,Fundamentalist
Less than HS,Fundamentalist
Less than HS,Fundamentalist
Less than HS,Fundamentalist
Less than HS,Fundamentalist
Less than HS,Fundamentalist
Less than HS,Fundamentalist
Less than HS,Fundamentalist
Less than HS,Fundamentalist
Less than HS,Fundamentalist
Less than HS,Fundamentalist
Less than HS,Fundamentalist
Less than HS,Fundamentalist
Less than HS,Fundamentalist
Less than HS,Fundamentalist
Less than HS,Fundamentalist
Less than HS,Fundamentalist
Less than HS,Fundamentalist
Less than HS,Fundamentalist
Less than HS,Fundamentalist
Less than HS,Fundamentalist
Less than HS,Fundamentalist
Less than HS,Fundamentalist
Less than HS,Fundamentalist
Less than HS,Fundamentalist
Less than HS,Fundamentalist
Less than HS,Fundamentalist
Less than HS,Fundamentalist
Less than HS,Fundamentalist
Less than HS,Fundamentalist
Less than HS,Fundamentalist
Less than HS,Fundamentalist
Less than HS,Fundamentalist
Less than HS,Fundamentalist
Less than HS,Fundamentalist
Less than HS,Fundamentalist
Less than HS,Fundamentalist
Less than HS,Fundamentalist
Less than HS,Fundamentalist
Less than HS,Fundamentalist
Less than HS,Fundamentalist
Less than HS,Fundamentalist
Less than HS,Fundamentalist
Less than HS,Fundamentalist
Less than HS,Fundamentalist
Less than HS,Fundamentalist
Less than HS,Fundamentalist
Less than HS,Fundamentalist
Less than HS,Fundamentalist
Less than HS,Fundamentalist
Less than HS,Fundamentalist
Less than HS,Fundamentalist
Less than HS,Fundamentalist
Less than HS,Fundamentalist
Less than HS,Fundamentalist
Less than HS,Fundamentalist
Less than HS,Fundamentalist
Less than HS,Fundamentalist
Less than HS,Fundamentalist
Less than HS,Fundamentalist
Less than HS,Fundamentalist
Less than HS,Fundamentalist
Less than HS,Fundamentalist
Less than HS,Fundamentalist
Less than HS,Fundamentalist
Less than HS,Fundamentalist
Less than HS,Fundamentalist
Less than HS,Fundamentalist
Less than HS,Fundamentalist
Less than HS,Fundamentalist
Less than HS,Fundamentalist
Less than HS,Fundamentalist
Less than HS,Fundamentalist
Less than HS,Fundamentalist
Less than HS,Fundamentalist
Less than HS,Fundamentalist
Less than HS,Fundamentalist
Less than HS,Fundamentalist
Less than HS,Fundamentalist
Less than HS,Fundamentalist
Less than HS,Fundamentalist
Less than HS,Fundamentalist
Less than HS,Fundamentalist
Less than HS,Fundamentalist
Less than HS,Fundamentalist
Less than HS,Fundamentalist
Less than HS,Fundamentalist
Less than HS,Fundamentalist
Less than HS,Fundamentalist
Less than HS,Fundamentalist
Less than HS,Fundamentalist
Less than HS,Fundamentalist
Less than HS,Fundamentalist
Less than HS,Fundamentalist
Less than HS,Fundamentalist
Less than HS,Fundamentalist
Less than HS,Fundamentalist
Less than HS,Fundamentalist
Less than HS,Fundamentalist
Less than HS,Fundamentalist
Less than HS,Fundamentalist
Less than HS,Fundamentalist
Less than HS,Fundamentalist
Less than HS,Fundamentalist
Less than HS,Fundamentalist
Less than HS,Fundamentalist
Less than HS,Fundamentalist
Less than HS,Fundamentalist
Less than HS,Fundamentalist
Less than HS,Fundamentalist
Less than HS,Fundamentalist
Less than HS,Fundamentalist
Less than HS,Fundamentalist
Less than HS,Fundamentalist
Less than HS,Fundamentalist
Less than HS,Fundamentalist
Less than HS,Fundamentalist
High School,Fundamentalist
High School,Fundamentalist
High School,Fundamentalist
High School,Fundamentalist
High School,Fundamentalist
High School,Fundamentalist
High School,Fundamentalist
High School,Fundamentalist
High School,Fundamentalist
High School,Fundamentalist
High School,Fundamentalist
High School,Fundamentalist
High School,Fundamentalist
High School,Fundamentalist
High School,Fundamentalist
High School,Fundamentalist
High School,Fundamentalist
High School,Fundamentalist
High School,Fundamentalist
High School,Fundamentalist
High School,Fundamentalist
High School,Fundamentalist
High School,Fundamentalist
High School,Fundamentalist
High School,Fundamentalist
High School,Fundamentalist
High School,Fundamentalist
High School,Fundamentalist
High School,Fundamentalist
High School,Fundamentalist
High School,Fundamentalist
High School,Fundamentalist
High School,Fundamentalist
High School,Fundamentalist
High School,Fundamentalist
High School,Fundamentalist
High School,Fundamentalist
High School,Fundamentalist
High School,Fundamentalist
High School,Fundamentalist
High School,Fundamentalist
High School,Fundamentalist
High School,Fundamentalist
High School,Fundamentalist
High School,Fundamentalist
High School,Fundamentalist
High School,Fundamentalist
High School,Fundamentalist
High School,Fundamentalist
High School,Fundamentalist
High School,Fundamentalist
High School,Fundamentalist
High School,Fundamentalist
High School,Fundamentalist
High School,Fundamentalist
High School,Fundamentalist
High School,Fundamentalist
High School,Fundamentalist
High School,Fundamentalist
High School,Fundamentalist
High School,Fundamentalist
High School,Fundamentalist
High School,Fundamentalist
High School,Fundamentalist
High School,Fundamentalist
High School,Fundamentalist
High School,Fundamentalist
High School,Fundamentalist
High School,Fundamentalist
High School,Fundamentalist
High School,Fundamentalist
High School,Fundamentalist
High School,Fundamentalist
High School,Fundamentalist
High School,Fundamentalist
High School,Fundamentalist
High School,Fundamentalist
High School,Fundamentalist
High School,Fundamentalist
High School,Fundamentalist
High School,Fundamentalist
High School,Fundamentalist
High School,Fundamentalist
High School,Fundamentalist
High School,Fundamentalist
High School,Fundamentalist
High School,Fundamentalist
High School,Fundamentalist
High School,Fundamentalist
High School,Fundamentalist
High School,Fundamentalist
High School,Fundamentalist
High School,Fundamentalist
High School,Fundamentalist
High School,Fundamentalist
High School,Fundamentalist
High School,Fundamentalist
High School,Fundamentalist
High School,Fundamentalist
High School,Fundamentalist
High School,Fundamentalist
High School,Fundamentalist
High School,Fundamentalist
High School,Fundamentalist
High School,Fundamentalist
High School,Fundamentalist
High School,Fundamentalist
High School,Fundamentalist
High School,Fundamentalist
High School,Fundamentalist
High School,Fundamentalist
High School,Fundamentalist
High School,Fundamentalist
High School,Fundamentalist
High School,Fundamentalist
High School,Fundamentalist
High School,Fundamentalist
High School,Fundamentalist
High School,Fundamentalist
High School,Fundamentalist
High School,Fundamentalist
High School,Fundamentalist
High School,Fundamentalist
High School,Fundamentalist
High School,Fundamentalist
High School,Fundamentalist
High School,Fundamentalist
High School,Fundamentalist
High School,Fundamentalist
High School,Fundamentalist
High School,Fundamentalist
High School,Fundamentalist
High School,Fundamentalist
High School,Fundamentalist
High School,Fundamentalist
High School,Fundamentalist
High School,Fundamentalist
High School,Fundamentalist
High School,Fundamentalist
High School,Fundamentalist
High School,Fundamentalist
High School,Fundamentalist
High School,Fundamentalist
High School,Fundamentalist
High School,Fundamentalist
High School,Fundamentalist
High School,Fundamentalist
High School,Fundamentalist
High School,Fundamentalist
High School,Fundamentalist
High School,Fundamentalist
High School,Fundamentalist
High School,Fundamentalist
High School,Fundamentalist
High School,Fundamentalist
High School,Fundamentalist
High School,Fundamentalist
High School,Fundamentalist
High School,Fundamentalist
High School,Fundamentalist
High School,Fundamentalist
High School,Fundamentalist
High School,Fundamentalist
High School,Fundamentalist
High School,Fundamentalist
High School,Fundamentalist
High School,Fundamentalist
High School,Fundamentalist
High School,Fundamentalist
High School,Fundamentalist
High School,Fundamentalist
High School,Fundamentalist
High School,Fundamentalist
High School,Fundamentalist
High School,Fundamentalist
High School,Fundamentalist
High School,Fundamentalist
High School,Fundamentalist
High School,Fundamentalist
High School,Fundamentalist
High School,Fundamentalist
High School,Fundamentalist
High School,Fundamentalist
High School,Fundamentalist
High School,Fundamentalist
High School,Fundamentalist
High School,Fundamentalist
High School,Fundamentalist
High School,Fundamentalist
High School,Fundamentalist
High School,Fundamentalist
High School,Fundamentalist
High School,Fundamentalist
High School,Fundamentalist
High School,Fundamentalist
High School,Fundamentalist
High School,Fundamentalist
High School,Fundamentalist
High School,Fundamentalist
High School,Fundamentalist
High School,Fundamentalist
High School,Fundamentalist
High School,Fundamentalist
High School,Fundamentalist
High School,Fundamentalist
High School,Fundamentalist
High School,Fundamentalist
High School,Fundamentalist
High School,Fundamentalist
High School,Fundamentalist
High School,Fundamentalist
High School,Fundamentalist
High School,Fundamentalist
High School,Fundamentalist
High School,Fundamentalist
High School,Fundamentalist
High School,Fundamentalist
High School,Fundamentalist
High School,Fundamentalist
High School,Fundamentalist
High School,Fundamentalist
High School,Fundamentalist
High School,Fundamentalist
High School,Fundamentalist
High School,Fundamentalist
High School,Fundamentalist
High School,Fundamentalist
High School,Fundamentalist
High School,Fundamentalist
High School,Fundamentalist
High School,Fundamentalist
High School,Fundamentalist
High School,Fundamentalist
High School,Fundamentalist
High School,Fundamentalist
High School,Fundamentalist
High School,Fundamentalist
High School,Fundamentalist
High School,Fundamentalist
High School,Fundamentalist
High School,Fundamentalist
High School,Fundamentalist
High School,Fundamentalist
High School,Fundamentalist
High School,Fundamentalist
High School,Fundamentalist
High School,Fundamentalist
High School,Fundamentalist
High School,Fundamentalist
High School,Fundamentalist
High School,Fundamentalist
High School,Fundamentalist
High School,Fundamentalist
High School,Fundamentalist
High School,Fundamentalist
High School,Fundamentalist
High School,Fundamentalist
High School,Fundamentalist
High School,Fundamentalist
High School,Fundamentalist
High School,Fundamentalist
High School,Fundamentalist
High School,Fundamentalist
High School,Fundamentalist
High School,Fundamentalist
High School,Fundamentalist
High School,Fundamentalist
High School,Fundamentalist
High School,Fundamentalist
High School,Fundamentalist
High School,Fundamentalist
High School,Fundamentalist
High School,Fundamentalist
High School,Fundamentalist
High School,Fundamentalist
High School,Fundamentalist
High School,Fundamentalist
High School,Fundamentalist
High School,Fundamentalist
High School,Fundamentalist
High School,Fundamentalist
High School,Fundamentalist
High School,Fundamentalist
High School,Fundamentalist
High School,Fundamentalist
High School,Fundamentalist
High School,Fundamentalist
High School,Fundamentalist
High School,Fundamentalist
High School,Fundamentalist
High School,Fundamentalist
High School,Fundamentalist
High School,Fundamentalist
High School,Fundamentalist
High School,Fundamentalist
High School,Fundamentalist
High School,Fundamentalist
High School,Fundamentalist
High School,Fundamentalist
High School,Fundamentalist
High School,Fundamentalist
High School,Fundamentalist
High School,Fundamentalist
High School,Fundamentalist
High School,Fundamentalist
High School,Fundamentalist
High School,Fundamentalist
High School,Fundamentalist
High School,Fundamentalist
High School,Fundamentalist
High School,Fundamentalist
High School,Fundamentalist
High School,Fundamentalist
High School,Fundamentalist
High School,Fundamentalist
High School,Fundamentalist
High School,Fundamentalist
High School,Fundamentalist
High School,Fundamentalist
High School,Fundamentalist
High School,Fundamentalist
High School,Fundamentalist
High School,Fundamentalist
High School,Fundamentalist
High School,Fundamentalist
High School,Fundamentalist
High School,Fundamentalist
High School,Fundamentalist
High School,Fundamentalist
High School,Fundamentalist
High School,Fundamentalist
High School,Fundamentalist
High School,Fundamentalist
High School,Fundamentalist
High School,Fundamentalist
High School,Fundamentalist
High School,Fundamentalist
High School,Fundamentalist
High School,Fundamentalist
High School,Fundamentalist
High School,Fundamentalist
High School,Fundamentalist
High School,Fundamentalist
High School,Fundamentalist
High School,Fundamentalist
High School,Fundamentalist
High School,Fundamentalist
High School,Fundamentalist
High School,Fundamentalist
High School,Fundamentalist
High School,Fundamentalist
High School,Fundamentalist
High School,Fundamentalist
High School,Fundamentalist
High School,Fundamentalist
High School,Fundamentalist
High School,Fundamentalist
High School,Fundamentalist
High School,Fundamentalist
High School,Fundamentalist
High School,Fundamentalist
High School,Fundamentalist
High School,Fundamentalist
High School,Fundamentalist
High School,Fundamentalist
High School,Fundamentalist
High School,Fundamentalist
High School,Fundamentalist
High School,Fundamentalist
High School,Fundamentalist
High School,Fundamentalist
High School,Fundamentalist
High School,Fundamentalist
High School,Fundamentalist
High School,Fundamentalist
High School,Fundamentalist
High School,Fundamentalist
High School,Fundamentalist
High School,Fundamentalist
High School,Fundamentalist
High School,Fundamentalist
High School,Fundamentalist
High School,Fundamentalist
High School,Fundamentalist
High School,Fundamentalist
High School,Fundamentalist
High School,Fundamentalist
High School,Fundamentalist
High School,Fundamentalist
High School,Fundamentalist
High School,Fundamentalist
High School,Fundamentalist
High School,Fundamentalist
High School,Fundamentalist
High School,Fundamentalist
High School,Fundamentalist
High School,Fundamentalist
High School,Fundamentalist
High School,Fundamentalist
High School,Fundamentalist
High School,Fundamentalist
High School,Fundamentalist
High School,Fundamentalist
High School,Fundamentalist
High School,Fundamentalist
High School,Fundamentalist
High School,Fundamentalist
High School,Fundamentalist
High School,Fundamentalist
High School,Fundamentalist
High School,Fundamentalist
High School,Fundamentalist
High School,Fundamentalist
High School,Fundamentalist
High School,Fundamentalist
High School,Fundamentalist
High School,Fundamentalist
High School,Fundamentalist
High School,Fundamentalist
High School,Fundamentalist
High School,Fundamentalist
High School,Fundamentalist
High School,Fundamentalist
High School,Fundamentalist
High School,Fundamentalist
High School,Fundamentalist
High School,Fundamentalist
High School,Fundamentalist
High School,Fundamentalist
High School,Fundamentalist
High School,Fundamentalist
High School,Fundamentalist
High School,Fundamentalist
High School,Fundamentalist
High School,Fundamentalist
High School,Fundamentalist
High School,Fundamentalist
High School,Fundamentalist
High School,Fundamentalist
High School,Fundamentalist
High School,Fundamentalist
High School,Fundamentalist
High School,Fundamentalist
High School,Fundamentalist
High School,Fundamentalist
High School,Fundamentalist
High School,Fundamentalist
High School,Fundamentalist
High School,Fundamentalist
High School,Fundamentalist
High School,Fundamentalist
High School,Fundamentalist
High School,Fundamentalist
High School,Fundamentalist
High School,Fundamentalist
High School,Fundamentalist
High School,Fundamentalist
High School,Fundamentalist
High School,Fundamentalist
High School,Fundamentalist
High School,Fundamentalist
High School,Fundamentalist
High School,Fundamentalist
High School,Fundamentalist
High School,Fundamentalist
High School,Fundamentalist
High School,Fundamentalist
High School,Fundamentalist
High School,Fundamentalist
High School,Fundamentalist
High School,Fundamentalist
High School,Fundamentalist
High School,Fundamentalist
High School,Fundamentalist
High School,Fundamentalist
High School,Fundamentalist
High School,Fundamentalist
High School,Fundamentalist
High School,Fundamentalist
High School,Fundamentalist
High School,Fundamentalist
High School,Fundamentalist
High School,Fundamentalist
High School,Fundamentalist
High School,Fundamentalist
High School,Fundamentalist
High School,Fundamentalist
High School,Fundamentalist
High School,Fundamentalist
High School,Fundamentalist
High School,Fundamentalist
High School,Fundamentalist
High School,Fundamentalist
High School,Fundamentalist
High School,Fundamentalist
High School,Fundamentalist
High School,Fundamentalist
High School,Fundamentalist
High School,Fundamentalist
High School,Fundamentalist
High School,Fundamentalist
High School,Fundamentalist
High School,Fundamentalist
High School,Fundamentalist
High School,Fundamentalist
High School,Fundamentalist
High School,Fundamentalist
High School,Fundamentalist
High School,Fundamentalist
High School,Fundamentalist
High School,Fundamentalist
High School,Fundamentalist
High School,Fundamentalist
High School,Fundamentalist
High School,Fundamentalist
High School,Fundamentalist
High School,Fundamentalist
High School,Fundamentalist
High School,Fundamentalist
High School,Fundamentalist
High School,Fundamentalist
High School,Fundamentalist
High School,Fundamentalist
High School,Fundamentalist
High School,Fundamentalist
High School,Fundamentalist
High School,Fundamentalist
High School,Fundamentalist
High School,Fundamentalist
High School,Fundamentalist
High School,Fundamentalist
High School,Fundamentalist
High School,Fundamentalist
High School,Fundamentalist
High School,Fundamentalist
High School,Fundamentalist
High School,Fundamentalist
High School,Fundamentalist
High School,Fundamentalist
High School,Fundamentalist
High School,Fundamentalist
High School,Fundamentalist
High School,Fundamentalist
High School,Fundamentalist
High School,Fundamentalist
High School,Fundamentalist
High School,Fundamentalist
High School,Fundamentalist
High School,Fundamentalist
High School,Fundamentalist
High School,Fundamentalist
High School,Fundamentalist
High School,Fundamentalist
High School,Fundamentalist
High School,Fundamentalist
High School,Fundamentalist
High School,Fundamentalist
High School,Fundamentalist
High School,Fundamentalist
High School,Fundamentalist
High School,Fundamentalist
High School,Fundamentalist
High School,Fundamentalist
High School,Fundamentalist
High School,Fundamentalist
High School,Fundamentalist
High School,Fundamentalist
High School,Fundamentalist
High School,Fundamentalist
High School,Fundamentalist
Bachelor,Fundamentalist
Bachelor,Fundamentalist
Bachelor,Fundamentalist
Bachelor,Fundamentalist
Bachelor,Fundamentalist
Bachelor,Fundamentalist
Bachelor,Fundamentalist
Bachelor,Fundamentalist
Bachelor,Fundamentalist
Bachelor,Fundamentalist
Bachelor,Fundamentalist
Bachelor,Fundamentalist
Bachelor,Fundamentalist
Bachelor,Fundamentalist
Bachelor,Fundamentalist
Bachelor,Fundamentalist
Bachelor,Fundamentalist
Bachelor,Fundamentalist
Bachelor,Fundamentalist
Bachelor,Fundamentalist
Bachelor,Fundamentalist
Bachelor,Fundamentalist
Bachelor,Fundamentalist
Bachelor,Fundamentalist
Bachelor,Fundamentalist
Bachelor,Fundamentalist
Bachelor,Fundamentalist
Bachelor,Fundamentalist
Bachelor,Fundamentalist
Bachelor,Fundamentalist
Bachelor,Fundamentalist
Bachelor,Fundamentalist
Bachelor,Fundamentalist
Bachelor,Fundamentalist
Bachelor,Fundamentalist
Bachelor,Fundamentalist
Bachelor,Fundamentalist
Bachelor,Fundamentalist
Bachelor,Fundamentalist
Bachelor,Fundamentalist
Bachelor,Fundamentalist
Bachelor,Fundamentalist
Bachelor,Fundamentalist
Bachelor,Fundamentalist
Bachelor,Fundamentalist
Bachelor,Fundamentalist
Bachelor,Fundamentalist
Bachelor,Fundamentalist
Bachelor,Fundamentalist
Bachelor,Fundamentalist
Bachelor,Fundamentalist
Bachelor,Fundamentalist
Bachelor,Fundamentalist
Bachelor,Fundamentalist
Bachelor,Fundamentalist
Bachelor,Fundamentalist
Bachelor,Fundamentalist
Bachelor,Fundamentalist
Bachelor,Fundamentalist
Bachelor,Fundamentalist
Bachelor,Fundamentalist
Bachelor,Fundamentalist
Bachelor,Fundamentalist
Bachelor,Fundamentalist
Bachelor,Fundamentalist
Bachelor,Fundamentalist
Bachelor,Fundamentalist
Bachelor,Fundamentalist
Bachelor,Fundamentalist
Bachelor,Fundamentalist
Bachelor,Fundamentalist
Bachelor,Fundamentalist
Bachelor,Fundamentalist
Bachelor,Fundamentalist
Bachelor,Fundamentalist
Bachelor,Fundamentalist
Bachelor,Fundamentalist
Bachelor,Fundamentalist
Bachelor,Fundamentalist
Bachelor,Fundamentalist
Bachelor,Fundamentalist
Bachelor,Fundamentalist
Bachelor,Fundamentalist
Bachelor,Fundamentalist
Bachelor,Fundamentalist
Bachelor,Fundamentalist
Bachelor,Fundamentalist
Bachelor,Fundamentalist
Bachelor,Fundamentalist
Bachelor,Fundamentalist
Bachelor,Fundamentalist
Bachelor,Fundamentalist
Bachelor,Fundamentalist
Bachelor,Fundamentalist
Bachelor,Fundamentalist
Bachelor,Fundamentalist
Bachelor,Fundamentalist
Bachelor,Fundamentalist
Bachelor,Fundamentalist
Bachelor,Fundamentalist
Bachelor,Fundamentalist
Bachelor,Fundamentalist
Bachelor,Fundamentalist
Bachelor,Fundamentalist
Bachelor,Fundamentalist
Bachelor,Fundamentalist
Bachelor,Fundamentalist
Bachelor,Fundamentalist
Bachelor,Fundamentalist
Bachelor,Fundamentalist
Bachelor,Fundamentalist
Bachelor,Fundamentalist
Bachelor,Fundamentalist
Bachelor,Fundamentalist
Bachelor,Fundamentalist
Bachelor,Fundamentalist
Bachelor,Fundamentalist
Bachelor,Fundamentalist
Bachelor,Fundamentalist
Bachelor,Fundamentalist
Bachelor,Fundamentalist
Bachelor,Fundamentalist
Bachelor,Fundamentalist
Bachelor,Fundamentalist
Bachelor,Fundamentalist
Bachelor,Fundamentalist
Bachelor,Fundamentalist
Bachelor,Fundamentalist
Bachelor,Fundamentalist
Bachelor,Fundamentalist
Bachelor,Fundamentalist
Bachelor,Fundamentalist
Bachelor,Fundamentalist
Bachelor,Fundamentalist
Bachelor,Fundamentalist
Bachelor,Fundamentalist
Bachelor,Fundamentalist
Bachelor,Fundamentalist
Less than HS,Moderate
Less than HS,Moderate
Less than HS,Moderate
Less than HS,Moderate
Less than HS,Moderate
Less than HS,Moderate
Less than HS,Moderate
Less than HS,Moderate
Less than HS,Moderate
Less than HS,Moderate
Less than HS,Moderate
Less than HS,Moderate
Less than HS,Moderate
Less than HS,Moderate
Less than HS,Moderate
Less than HS,Moderate
Less than HS,Moderate
Less than HS,Moderate
Less than HS,Moderate
Less than HS,Moderate
Less than HS,Moderate
Less than HS,Moderate
Less than HS,Moderate
Less than HS,Moderate
Less than HS,Moderate
Less than HS,Moderate
Less than HS,Moderate
Less than HS,Moderate
Less than HS,Moderate
Less than HS,Moderate
Less than HS,Moderate
Less than HS,Moderate
Less than HS,Moderate
Less than HS,Moderate
Less than HS,Moderate
Less than HS,Moderate
Less than HS,Moderate
Less than HS,Moderate
Less than HS,Moderate
Less than HS,Moderate
Less than HS,Moderate
Less than HS,Moderate
Less than HS,Moderate
Less than HS,Moderate
Less than HS,Moderate
Less than HS,Moderate
Less than HS,Moderate
Less than HS,Moderate
Less than HS,Moderate
Less than HS,Moderate
Less than HS,Moderate
Less than HS,Moderate
Less than HS,Moderate
Less than HS,Moderate
Less than HS,Moderate
Less than HS,Moderate
Less than HS,Moderate
Less than HS,Moderate
Less than HS,Moderate
Less than HS,Moderate
Less than HS,Moderate
Less than HS,Moderate
Less than HS,Moderate
Less than HS,Moderate
Less than HS,Moderate
Less than HS,Moderate
Less than HS,Moderate
Less than HS,Moderate
Less than HS,Moderate
Less than HS,Moderate
Less than HS,Moderate
Less than HS,Moderate
Less than HS,Moderate
Less than HS,Moderate
Less than HS,Moderate
Less than HS,Moderate
Less than HS,Moderate
Less than HS,Moderate
Less than HS,Moderate
Less than HS,Moderate
Less than HS,Moderate
Less than HS,Moderate
Less than HS,Moderate
Less than HS,Moderate
Less than HS,Moderate
Less than HS,Moderate
Less than HS,Moderate
Less than HS,Moderate
Less than HS,Moderate
Less than HS,Moderate
Less than HS,Moderate
Less than HS,Moderate
Less than HS,Moderate
Less than HS,Moderate
Less than HS,Moderate
Less than HS,Moderate
Less than HS,Moderate
Less than HS,Moderate
Less than HS,Moderate
Less than HS,Moderate
Less than HS,Moderate
Less than HS,Moderate
Less than HS,Moderate
Less than HS,Moderate
Less than HS,Moderate
Less than HS,Moderate
Less than HS,Moderate
Less than HS,Moderate
Less than HS,Moderate
Less than HS,Moderate
Less than HS,Moderate
Less than HS,Moderate
Less than HS,Moderate
Less than HS,Moderate
Less than HS,Moderate
Less than HS,Moderate
Less than HS,Moderate
Less than HS,Moderate
Less than HS,Moderate
Less than HS,Moderate
Less than HS,Moderate
Less than HS,Moderate
Less than HS,Moderate
Less than HS,Moderate
Less than HS,Moderate
Less than HS,Moderate
Less than HS,Moderate
Less than HS,Moderate
Less than HS,Moderate
Less than HS,Moderate
Less than HS,Moderate
Less than HS,Moderate
Less than HS,Moderate
Less than HS,Moderate
Less than HS,Moderate
Less than HS,Moderate
Less than HS,Moderate
Less than HS,Moderate
High School,Moderate
High School,Moderate
High School,Moderate
High School,Moderate
High School,Moderate
High School,Moderate
High School,Moderate
High School,Moderate
High School,Moderate
High School,Moderate
High School,Moderate
High School,Moderate
High School,Moderate
High School,Moderate
High School,Moderate
High School,Moderate
High School,Moderate
High School,Moderate
High School,Moderate
High School,Moderate
High School,Moderate
High School,Moderate
High School,Moderate
High School,Moderate
High School,Moderate
High School,Moderate
High School,Moderate
High School,Moderate
High School,Moderate
High School,Moderate
High School,Moderate
High School,Moderate
High School,Moderate
High School,Moderate
High School,Moderate
High School,Moderate
High School,Moderate
High School,Moderate
High School,Moderate
High School,Moderate
High School,Moderate
High School,Moderate
High School,Moderate
High School,Moderate
High School,Moderate
High School,Moderate
High School,Moderate
High School,Moderate
High School,Moderate
High School,Moderate
High School,Moderate
High School,Moderate
High School,Moderate
High School,Moderate
High School,Moderate
High School,Moderate
High School,Moderate
High School,Moderate
High School,Moderate
High School,Moderate
High School,Moderate
High School,Moderate
High School,Moderate
High School,Moderate
High School,Moderate
High School,Moderate
High School,Moderate
High School,Moderate
High School,Moderate
High School,Moderate
High School,Moderate
High School,Moderate
High School,Moderate
High School,Moderate
High School,Moderate
High School,Moderate
High School,Moderate
High School,Moderate
High School,Moderate
High School,Moderate
High School,Moderate
High School,Moderate
High School,Moderate
High School,Moderate
High School,Moderate
High School,Moderate
High School,Moderate
High School,Moderate
High School,Moderate
High School,Moderate
High School,Moderate
High School,Moderate
High School,Moderate
High School,Moderate
High School,Moderate
High School,Moderate
High School,Moderate
High School,Moderate
High School,Moderate
High School,Moderate
High School,Moderate
High School,Moderate
High School,Moderate
High School,Moderate
High School,Moderate
High School,Moderate
High School,Moderate
High School,Moderate
High School,Moderate
High School,Moderate
High School,Moderate
High School,Moderate
High School,Moderate
High School,Moderate
High School,Moderate
High School,Moderate
High School,Moderate
High School,Moderate
High School,Moderate
High School,Moderate
High School,Moderate
High School,Moderate
High School,Moderate
High School,Moderate
High School,Moderate
High School,Moderate
High School,Moderate
High School,Moderate
High School,Moderate
High School,Moderate
High School,Moderate
High School,Moderate
High School,Moderate
High School,Moderate
High School,Moderate
High School,Moderate
High School,Moderate
High School,Moderate
High School,Moderate
High School,Moderate
High School,Moderate
High School,Moderate
High School,Moderate
High School,Moderate
High School,Moderate
High School,Moderate
High School,Moderate
High School,Moderate
High School,Moderate
High School,Moderate
High School,Moderate
High School,Moderate
High School,Moderate
High School,Moderate
High School,Moderate
High School,Moderate
High School,Moderate
High School,Moderate
High School,Moderate
High School,Moderate
High School,Moderate
High School,Moderate
High School,Moderate
High School,Moderate
High School,Moderate
High School,Moderate
High School,Moderate
High School,Moderate
High School,Moderate
High School,Moderate
High School,Moderate
High School,Moderate
High School,Moderate
High School,Moderate
High School,Moderate
High School,Moderate
High School,Moderate
High School,Moderate
High School,Moderate
High School,Moderate
High School,Moderate
High School,Moderate
High School,Moderate
High School,Moderate
High School,Moderate
High School,Moderate
High School,Moderate
High School,Moderate
High School,Moderate
High School,Moderate
High School,Moderate
High School,Moderate
High School,Moderate
High School,Moderate
High School,Moderate
High School,Moderate
High School,Moderate
High School,Moderate
High School,Moderate
High School,Moderate
High School,Moderate
High School,Moderate
High School,Moderate
High School,Moderate
High School,Moderate
High School,Moderate
High School,Moderate
High School,Moderate
High School,Moderate
High School,Moderate
High School,Moderate
High School,Moderate
High School,Moderate
High School,Moderate
High School,Moderate
High School,Moderate
High School,Moderate
High School,Moderate
High School,Moderate
High School,Moderate
High School,Moderate
High School,Moderate
High School,Moderate
High School,Moderate
High School,Moderate
High School,Moderate
High School,Moderate
High School,Moderate
High School,Moderate
High School,Moderate
High School,Moderate
High School,Moderate
High School,Moderate
High School,Moderate
High School,Moderate
High School,Moderate
High School,Moderate
High School,Moderate
High School,Moderate
High School,Moderate
High School,Moderate
High School,Moderate
High School,Moderate
High School,Moderate
High School,Moderate
High School,Moderate
High School,Moderate
High School,Moderate
High School,Moderate
High School,Moderate
High School,Moderate
High School,Moderate
High School,Moderate
High School,Moderate
High School,Moderate
High School,Moderate
High School,Moderate
High School,Moderate
High School,Moderate
High School,Moderate
High School,Moderate
High School,Moderate
High School,Moderate
High School,Moderate
High School,Moderate
High School,Moderate
High School,Moderate
High School,Moderate
High School,Moderate
High School,Moderate
High School,Moderate
High School,Moderate
High School,Moderate
High School,Moderate
High School,Moderate
High School,Moderate
High School,Moderate
High School,Moderate
High School,Moderate
High School,Moderate
High School,Moderate
High School,Moderate
High School,Moderate
High School,Moderate
High School,Moderate
High School,Moderate
High School,Moderate
High School,Moderate
High School,Moderate
High School,Moderate
High School,Moderate
High School,Moderate
High School,Moderate
High School,Moderate
High School,Moderate
High School,Moderate
High School,Moderate
High School,Moderate
High School,Moderate
High School,Moderate
High School,Moderate
High School,Moderate
High School,Moderate
High School,Moderate
High School,Moderate
High School,Moderate
High School,Moderate
High School,Moderate
High School,Moderate
High School,Moderate
High School,Moderate
High School,Moderate
High School,Moderate
High School,Moderate
High School,Moderate
High School,Moderate
High School,Moderate
High School,Moderate
High School,Moderate
High School,Moderate
High School,Moderate
High School,Moderate
High School,Moderate
High School,Moderate
High School,Moderate
High School,Moderate
High School,Moderate
High School,Moderate
High School,Moderate
High School,Moderate
High School,Moderate
High School,Moderate
High School,Moderate
High School,Moderate
High School,Moderate
High School,Moderate
High School,Moderate
High School,Moderate
High School,Moderate
High School,Moderate
High School,Moderate
High School,Moderate
High School,Moderate
High School,Moderate
High School,Moderate
High School,Moderate
High School,Moderate
High School,Moderate
High School,Moderate
High School,Moderate
High School,Moderate
High School,Moderate
High School,Moderate
High School,Moderate
High School,Moderate
High School,Moderate
High School,Moderate
High School,Moderate
High School,Moderate
High School,Moderate
High School,Moderate
High School,Moderate
High School,Moderate
High School,Moderate
High School,Moderate
High School,Moderate
High School,Moderate
High School,Moderate
High School,Moderate
High School,Moderate
High School,Moderate
High School,Moderate
High School,Moderate
High School,Moderate
High School,Moderate
High School,Moderate
High School,Moderate
High School,Moderate
High School,Moderate
High School,Moderate
High School,Moderate
High School,Moderate
High School,Moderate
High School,Moderate
High School,Moderate
High School,Moderate
High School,Moderate
High School,Moderate
High School,Moderate
High School,Moderate
High School,Moderate
High School,Moderate
High School,Moderate
High School,Moderate
High School,Moderate
High School,Moderate
High School,Moderate
High School,Moderate
High School,Moderate
High School,Moderate
High School,Moderate
High School,Moderate
High School,Moderate
High School,Moderate
High School,Moderate
High School,Moderate
High School,Moderate
High School,Moderate
High School,Moderate
High School,Moderate
High School,Moderate
High School,Moderate
High School,Moderate
High School,Moderate
High School,Moderate
High School,Moderate
High School,Moderate
High School,Moderate
High School,Moderate
High School,Moderate
High School,Moderate
High School,Moderate
High School,Moderate
High School,Moderate
High School,Moderate
High School,Moderate
High School,Moderate
High School,Moderate
High School,Moderate
High School,Moderate
High School,Moderate
High School,Moderate
High School,Moderate
High School,Moderate
High School,Moderate
High School,Moderate
High School,Moderate
High School,Moderate
High School,Moderate
High School,Moderate
High School,Moderate
High School,Moderate
High School,Moderate
High School,Moderate
High School,Moderate
High School,Moderate
High School,Moderate
High School,Moderate
High School,Moderate
High School,Moderate
High School,Moderate
High School,Moderate
High School,Moderate
High School,Moderate
High School,Moderate
High School,Moderate
High School,Moderate
High School,Moderate
High School,Moderate
High School,Moderate
High School,Moderate
High School,Moderate
High School,Moderate
High School,Moderate
High School,Moderate
High School,Moderate
High School,Moderate
High School,Moderate
High School,Moderate
High School,Moderate
High School,Moderate
High School,Moderate
High School,Moderate
High School,Moderate
High School,Moderate
High School,Moderate
High School,Moderate
High School,Moderate
High School,Moderate
High School,Moderate
High School,Moderate
High School,Moderate
High School,Moderate
High School,Moderate
High School,Moderate
High School,Moderate
High School,Moderate
High School,Moderate
High School,Moderate
High School,Moderate
High School,Moderate
High School,Moderate
High School,Moderate
High School,Moderate
High School,Moderate
High School,Moderate
High School,Moderate
High School,Moderate
High School,Moderate
High School,Moderate
High School,Moderate
High School,Moderate
High School,Moderate
High School,Moderate
High School,Moderate
High School,Moderate
High School,Moderate
High School,Moderate
High School,Moderate
High School,Moderate
High School,Moderate
High School,Moderate
High School,Moderate
High School,Moderate
High School,Moderate
High School,Moderate
High School,Moderate
High School,Moderate
High School,Moderate
High School,Moderate
High School,Moderate
High School,Moderate
High School,Moderate
High School,Moderate
High School,Moderate
High School,Moderate
High School,Moderate
High School,Moderate
High School,Moderate
High School,Moderate
High School,Moderate
High School,Moderate
High School,Moderate
High School,Moderate
High School,Moderate
High School,Moderate
High School,Moderate
High School,Moderate
High School,Moderate
High School,Moderate
High School,Moderate
High School,Moderate
High School,Moderate
High School,Moderate
High School,Moderate
High School,Moderate
High School,Moderate
High School,Moderate
High School,Moderate
High School,Moderate
High School,Moderate
High School,Moderate
High School,Moderate
High School,Moderate
High School,Moderate
High School,Moderate
High School,Moderate
High School,Moderate
High School,Moderate
High School,Moderate
High School,Moderate
High School,Moderate
High School,Moderate
High School,Moderate
High School,Moderate
High School,Moderate
High School,Moderate
High School,Moderate
High School,Moderate
High School,Moderate
High School,Moderate
High School,Moderate
High School,Moderate
High School,Moderate
High School,Moderate
High School,Moderate
High School,Moderate
High School,Moderate
High School,Moderate
High School,Moderate
High School,Moderate
High School,Moderate
High School,Moderate
High School,Moderate
High School,Moderate
High School,Moderate
High School,Moderate
High School,Moderate
High School,Moderate
High School,Moderate
High School,Moderate
High School,Moderate
High School,Moderate
High School,Moderate
High School,Moderate
High School,Moderate
High School,Moderate
High School,Moderate
High School,Moderate
High School,Moderate
High School,Moderate
High School,Moderate
High School,Moderate
High School,Moderate
High School,Moderate
High School,Moderate
High School,Moderate
High School,Moderate
High School,Moderate
High School,Moderate
High School,Moderate
High School,Moderate
High School,Moderate
High School,Moderate
High School,Moderate
High School,Moderate
High School,Moderate
High School,Moderate
High School,Moderate
High School,Moderate
High School,Moderate
High School,Moderate
High School,Moderate
High School,Moderate
High School,Moderate
High School,Moderate
High School,Moderate
High School,Moderate
High School,Moderate
High School,Moderate
High School,Moderate
High School,Moderate
High School,Moderate
High School,Moderate
High School,Moderate
High School,Moderate
High School,Moderate
High School,Moderate
High School,Moderate
High School,Moderate
High School,Moderate
High School,Moderate
High School,Moderate
High School,Moderate
High School,Moderate
High School,Moderate
High School,Moderate
High School,Moderate
High School,Moderate
High School,Moderate
High School,Moderate
High School,Moderate
High School,Moderate
High School,Moderate
High School,Moderate
High School,Moderate
High School,Moderate
High School,Moderate
Bachelor,Moderate
Bachelor,Moderate
Bachelor,Moderate
Bachelor,Moderate
Bachelor,Moderate
Bachelor,Moderate
Bachelor,Moderate
Bachelor,Moderate
Bachelor,Moderate
Bachelor,Moderate
Bachelor,Moderate
Bachelor,Moderate
Bachelor,Moderate
Bachelor,Moderate
Bachelor,Moderate
Bachelor,Moderate
Bachelor,Moderate
Bachelor,Moderate
Bachelor,Moderate
Bachelor,Moderate
Bachelor,Moderate
Bachelor,Moderate
Bachelor,Moderate
Bachelor,Moderate
Bachelor,Moderate
Bachelor,Moderate
Bachelor,Moderate
Bachelor,Moderate
Bachelor,Moderate
Bachelor,Moderate
Bachelor,Moderate
Bachelor,Moderate
Bachelor,Moderate
Bachelor,Moderate
Bachelor,Moderate
Bachelor,Moderate
Bachelor,Moderate
Bachelor,Moderate
Bachelor,Moderate
Bachelor,Moderate
Bachelor,Moderate
Bachelor,Moderate
Bachelor,Moderate
Bachelor,Moderate
Bachelor,Moderate
Bachelor,Moderate
Bachelor,Moderate
Bachelor,Moderate
Bachelor,Moderate
Bachelor,Moderate
Bachelor,Moderate
Bachelor,Moderate
Bachelor,Moderate
Bachelor,Moderate
Bachelor,Moderate
Bachelor,Moderate
Bachelor,Moderate
Bachelor,Moderate
Bachelor,Moderate
Bachelor,Moderate
Bachelor,Moderate
Bachelor,Moderate
Bachelor,Moderate
Bachelor,Moderate
Bachelor,Moderate
Bachelor,Moderate
Bachelor,Moderate
Bachelor,Moderate
Bachelor,Moderate
Bachelor,Moderate
Bachelor,Moderate
Bachelor,Moderate
Bachelor,Moderate
Bachelor,Moderate
Bachelor,Moderate
Bachelor,Moderate
Bachelor,Moderate
Bachelor,Moderate
Bachelor,Moderate
Bachelor,Moderate
Bachelor,Moderate
Bachelor,Moderate
Bachelor,Moderate
Bachelor,Moderate
Bachelor,Moderate
Bachelor,Moderate
Bachelor,Moderate
Bachelor,Moderate
Bachelor,Moderate
Bachelor,Moderate
Bachelor,Moderate
Bachelor,Moderate
Bachelor,Moderate
Bachelor,Moderate
Bachelor,Moderate
Bachelor,Moderate
Bachelor,Moderate
Bachelor,Moderate
Bachelor,Moderate
Bachelor,Moderate
Bachelor,Moderate
Bachelor,Moderate
Bachelor,Moderate
Bachelor,Moderate
Bachelor,Moderate
Bachelor,Moderate
Bachelor,Moderate
Bachelor,Moderate
Bachelor,Moderate
Bachelor,Moderate
Bachelor,Moderate
Bachelor,Moderate
Bachelor,Moderate
Bachelor,Moderate
Bachelor,Moderate
Bachelor,Moderate
Bachelor,Moderate
Bachelor,Moderate
Bachelor,Moderate
Bachelor,Moderate
Bachelor,Moderate
Bachelor,Moderate
Bachelor,Moderate
Bachelor,Moderate
Bachelor,Moderate
Bachelor,Moderate
Bachelor,Moderate
Bachelor,Moderate
Bachelor,Moderate
Bachelor,Moderate
Bachelor,Moderate
Bachelor,Moderate
Bachelor,Moderate
Bachelor,Moderate
Bachelor,Moderate
Bachelor,Moderate
Bachelor,Moderate
Bachelor,Moderate
Bachelor,Moderate
Bachelor,Moderate
Bachelor,Moderate
Bachelor,Moderate
Bachelor,Moderate
Bachelor,Moderate
Bachelor,Moderate
Bachelor,Moderate
Bachelor,Moderate
Bachelor,Moderate
Bachelor,Moderate
Bachelor,Moderate
Bachelor,Moderate
Bachelor,Moderate
Bachelor,Moderate
Bachelor,Moderate
Bachelor,Moderate
Bachelor,Moderate
Bachelor,Moderate
Bachelor,Moderate
Bachelor,Moderate
Bachelor,Moderate
Bachelor,Moderate
Bachelor,Moderate
Bachelor,Moderate
Bachelor,Moderate
Bachelor,Moderate
Bachelor,Moderate
Bachelor,Moderate
Bachelor,Moderate
Bachelor,Moderate
Bachelor,Moderate
Bachelor,Moderate
Bachelor,Moderate
Bachelor,Moderate
Bachelor,Moderate
Bachelor,Moderate
Bachelor,Moderate
Bachelor,Moderate
Bachelor,Moderate
Bachelor,Moderate
Bachelor,Moderate
Bachelor,Moderate
Bachelor,Moderate
Bachelor,Moderate
Bachelor,Moderate
Bachelor,Moderate
Bachelor,Moderate
Bachelor,Moderate
Bachelor,Moderate
Bachelor,Moderate
Bachelor,Moderate
Bachelor,Moderate
Bachelor,Moderate
Bachelor,Moderate
Bachelor,Moderate
Bachelor,Moderate
Bachelor,Moderate
Bachelor,Moderate
Bachelor,Moderate
Bachelor,Moderate
Bachelor,Moderate
Bachelor,Moderate
Bachelor,Moderate
Bachelor,Moderate
Bachelor,Moderate
Bachelor,Moderate
Bachelor,Moderate
Bachelor,Moderate
Bachelor,Moderate
Bachelor,Moderate
Bachelor,Moderate
Bachelor,Moderate
Bachelor,Moderate
Bachelor,Moderate
Bachelor,Moderate
Bachelor,Moderate
Bachelor,Moderate
Bachelor,Moderate
Bachelor,Moderate
Bachelor,Moderate
Bachelor,Moderate
Bachelor,Moderate
Bachelor,Moderate
Bachelor,Moderate
Bachelor,Moderate
Bachelor,Moderate
Bachelor,Moderate
Bachelor,Moderate
Bachelor,Moderate
Bachelor,Moderate
Bachelor,Moderate
Bachelor,Moderate
Bachelor,Moderate
Bachelor,Moderate
Bachelor,Moderate
Bachelor,Moderate
Bachelor,Moderate
Bachelor,Moderate
Bachelor,Moderate
Bachelor,Moderate
Bachelor,Moderate
Bachelor,Moderate
Bachelor,Moderate
Bachelor,Moderate
Bachelor,Moderate
Bachelor,Moderate
Bachelor,Moderate
Bachelor,Moderate
Bachelor,Moderate
Bachelor,Moderate
Bachelor,Moderate
Bachelor,Moderate
Bachelor,Moderate
Less than HS,Liberal
Less than HS,Liberal
Less than HS,Liberal
Less than HS,Liberal
Less than HS,Liberal
Less than HS,Liberal
Less than HS,Liberal
Less than HS,Liberal
Less than HS,Liberal
Less than HS,Liberal
Less than HS,Liberal
Less than HS,Liberal
Less than HS,Liberal
Less than HS,Liberal
Less than HS,Liberal
Less than HS,Liberal
Less than HS,Liberal
Less than HS,Liberal
Less than HS,Liberal
Less than HS,Liberal
Less than HS,Liberal
Less than HS,Liberal
Less than HS,Liberal
Less than HS,Liberal
Less than HS,Liberal
Less than HS,Liberal
Less than HS,Liberal
Less than HS,Liberal
Less than HS,Liberal
Less than HS,Liberal
Less than HS,Liberal
Less than HS,Liberal
Less than HS,Liberal
Less than HS,Liberal
Less than HS,Liberal
Less than HS,Liberal
Less than HS,Liberal
Less than HS,Liberal
Less than HS,Liberal
Less than HS,Liberal
Less than HS,Liberal
Less than HS,Liberal
Less than HS,Liberal
Less than HS,Liberal
Less than HS,Liberal
Less than HS,Liberal
Less than HS,Liberal
Less than HS,Liberal
Less than HS,Liberal
Less than HS,Liberal
Less than HS,Liberal
Less than HS,Liberal
Less than HS,Liberal
Less than HS,Liberal
Less than HS,Liberal
Less than HS,Liberal
Less than HS,Liberal
Less than HS,Liberal
Less than HS,Liberal
Less than HS,Liberal
Less than HS,Liberal
Less than HS,Liberal
Less than HS,Liberal
Less than HS,Liberal
Less than HS,Liberal
Less than HS,Liberal
Less than HS,Liberal
Less than HS,Liberal
Less than HS,Liberal
Less than HS,Liberal
Less than HS,Liberal
Less than HS,Liberal
Less than HS,Liberal
Less than HS,Liberal
Less than HS,Liberal
Less than HS,Liberal
Less than HS,Liberal
Less than HS,Liberal
Less than HS,Liberal
Less than HS,Liberal
Less than HS,Liberal
Less than HS,Liberal
Less than HS,Liberal
Less than HS,Liberal
Less than HS,Liberal
Less than HS,Liberal
Less than HS,Liberal
Less than HS,Liberal
Less than HS,Liberal
Less than HS,Liberal
Less than HS,Liberal
Less than HS,Liberal
Less than HS,Liberal
Less than HS,Liberal
Less than HS,Liberal
Less than HS,Liberal
Less than HS,Liberal
Less than HS,Liberal
Less than HS,Liberal
Less than HS,Liberal
Less than HS,Liberal
Less than HS,Liberal
Less than HS,Liberal
Less than HS,Liberal
Less than HS,Liberal
Less than HS,Liberal
Less than HS,Liberal
Less than HS,Liberal
High School,Liberal
High School,Liberal
High School,Liberal
High School,Liberal
High School,Liberal
High School,Liberal
High School,Liberal
High School,Liberal
High School,Liberal
High School,Liberal
High School,Liberal
High School,Liberal
High School,Liberal
High School,Liberal
High School,Liberal
High School,Liberal
High School,Liberal
High School,Liberal
High School,Liberal
High School,Liberal
High School,Liberal
High School,Liberal
High School,Liberal
High School,Liberal
High School,Liberal
High School,Liberal
High School,Liberal
High School,Liberal
High School,Liberal
High School,Liberal
High School,Liberal
High School,Liberal
High School,Liberal
High School,Liberal
High School,Liberal
High School,Liberal
High School,Liberal
High School,Liberal
High School,Liberal
High School,Liberal
High School,Liberal
High School,Liberal
High School,Liberal
High School,Liberal
High School,Liberal
High School,Liberal
High School,Liberal
High School,Liberal
High School,Liberal
High School,Liberal
High School,Liberal
High School,Liberal
High School,Liberal
High School,Liberal
High School,Liberal
High School,Liberal
High School,Liberal
High School,Liberal
High School,Liberal
High School,Liberal
High School,Liberal
High School,Liberal
High School,Liberal
High School,Liberal
High School,Liberal
High School,Liberal
High School,Liberal
High School,Liberal
High School,Liberal
High School,Liberal
High School,Liberal
High School,Liberal
High School,Liberal
High School,Liberal
High School,Liberal
High School,Liberal
High School,Liberal
High School,Liberal
High School,Liberal
High School,Liberal
High School,Liberal
High School,Liberal
High School,Liberal
High School,Liberal
High School,Liberal
High School,Liberal
High School,Liberal
High School,Liberal
High School,Liberal
High School,Liberal
High School,Liberal
High School,Liberal
High School,Liberal
High School,Liberal
High School,Liberal
High School,Liberal
High School,Liberal
High School,Liberal
High School,Liberal
High School,Liberal
High School,Liberal
High School,Liberal
High School,Liberal
High School,Liberal
High School,Liberal
High School,Liberal
High School,Liberal
High School,Liberal
High School,Liberal
High School,Liberal
High School,Liberal
High School,Liberal
High School,Liberal
High School,Liberal
High School,Liberal
High School,Liberal
High School,Liberal
High School,Liberal
High School,Liberal
High School,Liberal
High School,Liberal
High School,Liberal
High School,Liberal
High School,Liberal
High School,Liberal
High School,Liberal
High School,Liberal
High School,Liberal
High School,Liberal
High School,Liberal
High School,Liberal
High School,Liberal
High School,Liberal
High School,Liberal
High School,Liberal
High School,Liberal
High School,Liberal
High School,Liberal
High School,Liberal
High School,Liberal
High School,Liberal
High School,Liberal
High School,Liberal
High School,Liberal
High School,Liberal
High School,Liberal
High School,Liberal
High School,Liberal
High School,Liberal
High School,Liberal
High School,Liberal
High School,Liberal
High School,Liberal
High School,Liberal
High School,Liberal
High School,Liberal
High School,Liberal
High School,Liberal
High School,Liberal
High School,Liberal
High School,Liberal
High School,Liberal
High School,Liberal
High School,Liberal
High School,Liberal
High School,Liberal
High School,Liberal
High School,Liberal
High School,Liberal
High School,Liberal
High School,Liberal
High School,Liberal
High School,Liberal
High School,Liberal
High School,Liberal
High School,Liberal
High School,Liberal
High School,Liberal
High School,Liberal
High School,Liberal
High School,Liberal
High School,Liberal
High School,Liberal
High School,Liberal
High School,Liberal
High School,Liberal
High School,Liberal
High School,Liberal
High School,Liberal
High School,Liberal
High School,Liberal
High School,Liberal
High School,Liberal
High School,Liberal
High School,Liberal
High School,Liberal
High School,Liberal
High School,Liberal
High School,Liberal
High School,Liberal
High School,Liberal
High School,Liberal
High School,Liberal
High School,Liberal
High School,Liberal
High School,Liberal
High School,Liberal
High School,Liberal
High School,Liberal
High School,Liberal
High School,Liberal
High School,Liberal
High School,Liberal
High School,Liberal
High School,Liberal
High School,Liberal
High School,Liberal
High School,Liberal
High School,Liberal
High School,Liberal
High School,Liberal
High School,Liberal
High School,Liberal
High School,Liberal
High School,Liberal
High School,Liberal
High School,Liberal
High School,Liberal
High School,Liberal
High School,Liberal
High School,Liberal
High School,Liberal
High School,Liberal
High School,Liberal
High School,Liberal
High School,Liberal
High School,Liberal
High School,Liberal
High School,Liberal
High School,Liberal
High School,Liberal
High School,Liberal
High School,Liberal
High School,Liberal
High School,Liberal
High School,Liberal
High School,Liberal
High School,Liberal
High School,Liberal
High School,Liberal
High School,Liberal
High School,Liberal
High School,Liberal
High School,Liberal
High School,Liberal
High School,Liberal
High School,Liberal
High School,Liberal
High School,Liberal
High School,Liberal
High School,Liberal
High School,Liberal
High School,Liberal
High School,Liberal
High School,Liberal
High School,Liberal
High School,Liberal
High School,Liberal
High School,Liberal
High School,Liberal
High School,Liberal
High School,Liberal
High School,Liberal
High School,Liberal
High School,Liberal
High School,Liberal
High School,Liberal
High School,Liberal
High School,Liberal
High School,Liberal
High School,Liberal
High School,Liberal
High School,Liberal
High School,Liberal
High School,Liberal
High School,Liberal
High School,Liberal
High School,Liberal
High School,Liberal
High School,Liberal
High School,Liberal
High School,Liberal
High School,Liberal
High School,Liberal
High School,Liberal
High School,Liberal
High School,Liberal
High School,Liberal
High School,Liberal
High School,Liberal
High School,Liberal
High School,Liberal
High School,Liberal
High School,Liberal
High School,Liberal
High School,Liberal
High School,Liberal
High School,Liberal
High School,Liberal
High School,Liberal
High School,Liberal
High School,Liberal
High School,Liberal
High School,Liberal
High School,Liberal
High School,Liberal
High School,Liberal
High School,Liberal
High School,Liberal
High School,Liberal
High School,Liberal
High School,Liberal
High School,Liberal
High School,Liberal
High School,Liberal
High School,Liberal
High School,Liberal
High School,Liberal
High School,Liberal
High School,Liberal
High School,Liberal
High School,Liberal
High School,Liberal
High School,Liberal
High School,Liberal
High School,Liberal
High School,Liberal
High School,Liberal
High School,Liberal
High School,Liberal
High School,Liberal
High School,Liberal
High School,Liberal
High School,Liberal
High School,Liberal
High School,Liberal
High School,Liberal
High School,Liberal
High School,Liberal
High School,Liberal
High School,Liberal
High School,Liberal
High School,Liberal
High School,Liberal
High School,Liberal
High School,Liberal
High School,Liberal
High School,Liberal
High School,Liberal
High School,Liberal
High School,Liberal
High School,Liberal
High School,Liberal
High School,Liberal
High School,Liberal
High School,Liberal
High School,Liberal
High School,Liberal
High School,Liberal
High School,Liberal
High School,Liberal
High School,Liberal
High School,Liberal
High School,Liberal
High School,Liberal
High School,Liberal
High School,Liberal
High School,Liberal
High School,Liberal
High School,Liberal
High School,Liberal
High School,Liberal
High School,Liberal
High School,Liberal
High School,Liberal
High School,Liberal
High School,Liberal
High School,Liberal
High School,Liberal
High School,Liberal
High School,Liberal
High School,Liberal
High School,Liberal
High School,Liberal
High School,Liberal
High School,Liberal
High School,Liberal
High School,Liberal
High School,Liberal
High School,Liberal
High School,Liberal
High School,Liberal
High School,Liberal
High School,Liberal
High School,Liberal
High School,Liberal
High School,Liberal
High School,Liberal
High School,Liberal
High School,Liberal
High School,Liberal
High School,Liberal
High School,Liberal
High School,Liberal
High School,Liberal
High School,Liberal
High School,Liberal
High School,Liberal
High School,Liberal
High School,Liberal
High School,Liberal
High School,Liberal
High School,Liberal
High School,Liberal
High School,Liberal
High School,Liberal
High School,Liberal
High School,Liberal
High School,Liberal
High School,Liberal
High School,Liberal
High School,Liberal
High School,Liberal
High School,Liberal
High School,Liberal
High School,Liberal
High School,Liberal
High School,Liberal
High School,Liberal
High School,Liberal
High School,Liberal
High School,Liberal
Bachelor,Liberal
Bachelor,Liberal
Bachelor,Liberal
Bachelor,Liberal
Bachelor,Liberal
Bachelor,Liberal
Bachelor,Liberal
Bachelor,Liberal
Bachelor,Liberal
Bachelor,Liberal
Bachelor,Liberal
Bachelor,Liberal
Bachelor,Liberal
Bachelor,Liberal
Bachelor,Liberal
Bachelor,Liberal
Bachelor,Liberal
Bachelor,Liberal
Bachelor,Liberal
Bachelor,Liberal
Bachelor,Liberal
Bachelor,Liberal
Bachelor,Liberal
Bachelor,Liberal
Bachelor,Liberal
Bachelor,Liberal
Bachelor,Liberal
Bachelor,Liberal
Bachelor,Liberal
Bachelor,Liberal
Bachelor,Liberal
Bachelor,Liberal
Bachelor,Liberal
Bachelor,Liberal
Bachelor,Liberal
Bachelor,Liberal
Bachelor,Liberal
Bachelor,Liberal
Bachelor,Liberal
Bachelor,Liberal
Bachelor,Liberal
Bachelor,Liberal
Bachelor,Liberal
Bachelor,Liberal
Bachelor,Liberal
Bachelor,Liberal
Bachelor,Liberal
Bachelor,Liberal
Bachelor,Liberal
Bachelor,Liberal
Bachelor,Liberal
Bachelor,Liberal
Bachelor,Liberal
Bachelor,Liberal
Bachelor,Liberal
Bachelor,Liberal
Bachelor,Liberal
Bachelor,Liberal
Bachelor,Liberal
Bachelor,Liberal
Bachelor,Liberal
Bachelor,Liberal
Bachelor,Liberal
Bachelor,Liberal
Bachelor,Liberal
Bachelor,Liberal
Bachelor,Liberal
Bachelor,Liberal
Bachelor,Liberal
Bachelor,Liberal
Bachelor,Liberal
Bachelor,Liberal
Bachelor,Liberal
Bachelor,Liberal
Bachelor,Liberal
Bachelor,Liberal
Bachelor,Liberal
Bachelor,Liberal
Bachelor,Liberal
Bachelor,Liberal
Bachelor,Liberal
Bachelor,Liberal
Bachelor,Liberal
Bachelor,Liberal
Bachelor,Liberal
Bachelor,Liberal
Bachelor,Liberal
Bachelor,Liberal
Bachelor,Liberal
Bachelor,Liberal
Bachelor,Liberal
Bachelor,Liberal
Bachelor,Liberal
Bachelor,Liberal
Bachelor,Liberal
Bachelor,Liberal
Bachelor,Liberal
Bachelor,Liberal
Bachelor,Liberal
Bachelor,Liberal
Bachelor,Liberal
Bachelor,Liberal
Bachelor,Liberal
Bachelor,Liberal
Bachelor,Liberal
Bachelor,Liberal
Bachelor,Liberal
Bachelor,Liberal
Bachelor,Liberal
Bachelor,Liberal
Bachelor,Liberal
Bachelor,Liberal
Bachelor,Liberal
Bachelor,Liberal
Bachelor,Liberal
Bachelor,Liberal
Bachelor,Liberal
Bachelor,Liberal
Bachelor,Liberal
Bachelor,Liberal
Bachelor,Liberal
Bachelor,Liberal
Bachelor,Liberal
Bachelor,Liberal
Bachelor,Liberal
Bachelor,Liberal
Bachelor,Liberal
Bachelor,Liberal
Bachelor,Liberal
Bachelor,Liberal
Bachelor,Liberal
Bachelor,Liberal
Bachelor,Liberal
Bachelor,Liberal
Bachelor,Liberal
Bachelor,Liberal
Bachelor,Liberal
Bachelor,Liberal
Bachelor,Liberal
Bachelor,Liberal
Bachelor,Liberal
Bachelor,Liberal
Bachelor,Liberal
Bachelor,Liberal
Bachelor,Liberal
Bachelor,Liberal
Bachelor,Liberal
Bachelor,Liberal
Bachelor,Liberal
Bachelor,Liberal
Bachelor,Liberal
Bachelor,Liberal
Bachelor,Liberal
Bachelor,Liberal
Bachelor,Liberal
Bachelor,Liberal
Bachelor,Liberal
Bachelor,Liberal
Bachelor,Liberal
Bachelor,Liberal
Bachelor,Liberal
Bachelor,Liberal
Bachelor,Liberal
Bachelor,Liberal
Bachelor,Liberal
Bachelor,Liberal
Bachelor,Liberal
Bachelor,Liberal
Bachelor,Liberal
Bachelor,Liberal
Bachelor,Liberal
Bachelor,Liberal
Bachelor,Liberal
Bachelor,Liberal
Bachelor,Liberal
Bachelor,Liberal
Bachelor,Liberal
Bachelor,Liberal
Bachelor,Liberal
Bachelor,Liberal
Bachelor,Liberal
Bachelor,Liberal
Bachelor,Liberal
Bachelor,Liberal
Bachelor,Liberal
Bachelor,Liberal
Bachelor,Liberal
Bachelor,Liberal
Bachelor,Liberal
Bachelor,Liberal
Bachelor,Liberal
Bachelor,Liberal
Bachelor,Liberal
Bachelor,Liberal
Bachelor,Liberal
Bachelor,Liberal
Bachelor,Liberal
Bachelor,Liberal
Bachelor,Liberal
Bachelor,Liberal
Bachelor,Liberal
Bachelor,Liberal
Bachelor,Liberal
Bachelor,Liberal
Bachelor,Liberal
Bachelor,Liberal
Bachelor,Liberal
Bachelor,Liberal
Bachelor,Liberal
Bachelor,Liberal
Bachelor,Liberal
Bachelor,Liberal
Bachelor,Liberal
Bachelor,Liberal
Bachelor,Liberal
Bachelor,Liberal
Bachelor,Liberal
Bachelor,Liberal
Bachelor,Liberal
Bachelor,Liberal
Bachelor,Liberal
Bachelor,Liberal
Bachelor,Liberal
Bachelor,Liberal
Bachelor,Liberal
Bachelor,Liberal
Bachelor,Liberal
Bachelor,Liberal
Bachelor,Liberal
Bachelor,Liberal
Bachelor,Liberal
Bachelor,Liberal
Bachelor,Liberal
Bachelor,Liberal
Bachelor,Liberal
Bachelor,Liberal
Bachelor,Liberal
Bachelor,Liberal
Bachelor,Liberal
Bachelor,Liberal
Bachelor,Liberal
Bachelor,Liberal
Bachelor,Liberal
Bachelor,Liberal
Bachelor,Liberal
Bachelor,Liberal
Bachelor,Liberal
Bachelor,Liberal
Bachelor,Liberal
Bachelor,Liberal
Bachelor,Liberal
Bachelor,Liberal
